scorer,DLC_resnet_50_JoystickOct23shuffle1_50000,DLC_resnet_50_JoystickOct23shuffle1_50000,DLC_resnet_50_JoystickOct23shuffle1_50000,DLC_resnet_50_JoystickOct23shuffle1_50000,DLC_resnet_50_JoystickOct23shuffle1_50000,DLC_resnet_50_JoystickOct23shuffle1_50000,DLC_resnet_50_JoystickOct23shuffle1_50000,DLC_resnet_50_JoystickOct23shuffle1_50000,DLC_resnet_50_JoystickOct23shuffle1_50000,DLC_resnet_50_JoystickOct23shuffle1_50000,DLC_resnet_50_JoystickOct23shuffle1_50000,DLC_resnet_50_JoystickOct23shuffle1_50000,DLC_resnet_50_JoystickOct23shuffle1_50000,DLC_resnet_50_JoystickOct23shuffle1_50000,DLC_resnet_50_JoystickOct23shuffle1_50000
bodyparts,Shoulder,Shoulder,Shoulder,Elbow,Elbow,Elbow,Wrist,Wrist,Wrist,Hand,Hand,Hand,Joystick,Joystick,Joystick
coords,x,y,likelihood,x,y,likelihood,x,y,likelihood,x,y,likelihood,x,y,likelihood
0,555.819091796875,308.88275146484375,0.005060223862528801,516.0109252929688,340.3722229003906,0.0019080089405179024,312.8343200683594,375.0597229003906,4.0077757148537785e-05,314.5863037109375,385.268798828125,0.06808217614889145,262.6005554199219,440.9070129394531,0.0002625077322591096
1,555.8162841796875,316.0357971191406,0.002009883988648653,349.25311279296875,289.9559326171875,0.001975604798644781,310.12322998046875,373.28460693359375,0.0009248185087926686,313.11297607421875,385.1233215332031,0.9121026396751404,310.6017761230469,397.67913818359375,0.0011746829841285944
2,555.2562866210938,318.3132019042969,0.0019132093293592334,312.5814514160156,381.3509826660156,0.002360287355259061,303.6822814941406,361.1076965332031,0.009389884769916534,311.46844482421875,380.7025146484375,0.9846530556678772,310.59796142578125,389.073486328125,0.004072359297424555
3,556.027099609375,321.3450012207031,0.0021242666989564896,313.4183044433594,380.32940673828125,0.002613884164020419,309.77264404296875,373.0373840332031,0.001804345054551959,311.2603454589844,378.2531433105469,0.9497194886207581,310.59197998046875,386.1604919433594,0.003941394854336977
4,554.8240356445312,321.37103271484375,0.005640515126287937,313.9173889160156,380.1783752441406,0.0036250802222639322,310.81170654296875,373.7378845214844,0.0015354604693129659,310.095458984375,375.3640441894531,0.8306707739830017,310.443115234375,383.37298583984375,0.004100332502275705
5,554.8175659179688,321.9665832519531,0.006979155354201794,350.91241455078125,303.37298583984375,0.002031541895121336,312.988037109375,355.3416748046875,0.0004641447158064693,309.8985290527344,373.3468933105469,0.8314783573150635,311.1551208496094,366.2218322753906,0.002786593046039343
6,555.54541015625,322.8509216308594,0.01457457710057497,312.9111328125,378.4306640625,0.003336486639454961,312.8415832519531,355.071533203125,0.0008639576844871044,310.1916198730469,372.9032897949219,0.9319478273391724,310.9898986816406,366.6494445800781,0.0036958453711122274
7,555.2049560546875,322.8634033203125,0.011051108129322529,312.0947570800781,378.5268249511719,0.005526156164705753,313.5343017578125,354.7413330078125,0.0029053271282464266,310.2445068359375,373.20654296875,0.9774293899536133,309.6255798339844,383.7870178222656,0.003906760364770889
8,555.503662109375,323.9553527832031,0.0036000709515064955,311.6125183105469,378.11810302734375,0.002016260288655758,313.98193359375,355.1121826171875,0.0017816127510741353,310.4302978515625,372.91046142578125,0.9134715795516968,309.3211975097656,383.5181579589844,0.0015883021987974644
9,555.7568359375,324.2662658691406,0.0016601755050942302,312.093017578125,379.6352233886719,0.0014588512713089585,305.3953552246094,357.4012756347656,0.0007231325726024806,310.0918884277344,375.6492919921875,0.6528656482696533,309.94287109375,383.89825439453125,0.0013498198240995407
10,314.3489074707031,381.7069091796875,0.00269768456928432,313.0312805175781,381.79547119140625,0.002287049312144518,312.63330078125,372.8526916503906,0.00241673132404685,310.02825927734375,379.5956115722656,0.8542766571044922,310.7825927734375,385.6029052734375,0.0027238773182034492
11,314.6044921875,381.6020812988281,0.0064524388872087,313.2628173828125,382.1641845703125,0.00482972152531147,312.75006103515625,372.4620056152344,0.0062384591437876225,310.1620788574219,380.38385009765625,0.9192265868186951,310.6432189941406,385.99859619140625,0.006016385275870562
12,314.30023193359375,381.4619140625,0.011621448211371899,313.1542663574219,382.150146484375,0.006878410931676626,312.55975341796875,371.7625732421875,0.010791436769068241,309.85491943359375,380.65362548828125,0.9670829176902771,310.14129638671875,386.5144958496094,0.010316836647689342
13,314.4328918457031,380.7346496582031,0.008695525117218494,312.7826232910156,381.1253967285156,0.00846431590616703,312.89031982421875,371.3054504394531,0.008497343398630619,309.98138427734375,377.97052001953125,0.9661317467689514,309.8759460449219,385.3525390625,0.011164851486682892
14,307.7471008300781,360.0174560546875,0.008734767325222492,311.6433410644531,379.13616943359375,0.007138462271541357,312.24761962890625,354.47650146484375,0.009570715017616749,309.8363037109375,372.560791015625,0.9949354529380798,308.1508483886719,384.31964111328125,0.008399082347750664
15,314.7619323730469,367.6544189453125,0.010181540623307228,312.12445068359375,374.0080261230469,0.00486830435693264,313.0421142578125,354.2528076171875,0.016728617250919342,310.0697021484375,369.9956970214844,0.9904226064682007,311.99359130859375,371.0185241699219,0.0069113122299313545
16,314.63092041015625,366.8791809082031,0.023490283638238907,314.017578125,369.0970764160156,0.008184793405234814,313.5923767089844,355.2377624511719,0.019761770963668823,309.76397705078125,368.8383483886719,0.9912915825843811,311.81463623046875,371.0613098144531,0.01153772883117199
17,314.983154296875,366.9203186035156,0.02445114031434059,313.9601745605469,368.8874816894531,0.009548038244247437,313.00103759765625,354.7653503417969,0.0279556754976511,308.9319152832031,368.4049987792969,0.9971339702606201,311.89007568359375,371.6848449707031,0.013476337306201458
18,314.7701721191406,366.7719421386719,0.02720230259001255,313.8232116699219,368.7126770019531,0.00962599366903305,312.7304992675781,354.939453125,0.027755629271268845,308.0339660644531,368.37567138671875,0.9978402853012085,311.70538330078125,371.7554626464844,0.013443158939480782
19,315.1361389160156,366.86767578125,0.022548560053110123,313.75482177734375,368.74371337890625,0.009485713206231594,312.2334289550781,354.4067077636719,0.03654889389872551,307.49053955078125,368.5372314453125,0.9991494417190552,311.8804016113281,372.2945861816406,0.012819132767617702
20,314.72515869140625,366.9135437011719,0.02871544286608696,314.03155517578125,368.7447204589844,0.010205826722085476,312.5123596191406,354.5577392578125,0.04188714921474457,306.9482116699219,369.338623046875,0.9993244409561157,312.285888671875,372.1386413574219,0.012060083448886871
21,307.501708984375,358.49530029296875,0.0377424992620945,314.2893981933594,368.9318542480469,0.008886352181434631,308.93426513671875,343.02716064453125,0.09915737062692642,306.1372375488281,369.4612731933594,0.9991037249565125,297.13958740234375,373.4099426269531,0.014435846358537674
22,307.089599609375,357.8272399902344,0.04049262776970863,314.189208984375,368.638916015625,0.006855793297290802,306.0243835449219,342.8128356933594,0.6301503777503967,304.2041931152344,369.8747863769531,0.9989498257637024,296.37579345703125,374.3631286621094,0.01288862805813551
23,305.2048034667969,357.1455078125,0.021114181727170944,301.12176513671875,368.8389587402344,0.006073082331568003,306.18853759765625,344.7662658691406,0.9506992697715759,303.78173828125,372.8349304199219,0.9988180994987488,295.9405822753906,375.3167724609375,0.010454465635120869
24,300.11920166015625,357.4638977050781,0.01685035601258278,524.6607666015625,359.865234375,0.010027080774307251,304.3612976074219,344.5220031738281,0.9793828725814819,300.7181701660156,373.75927734375,0.9987112283706665,296.1997985839844,374.7633972167969,0.012459118850529194
25,302.0863952636719,366.7705993652344,0.017154553905129433,301.4381408691406,370.6697082519531,0.01024163980036974,303.47637939453125,346.97015380859375,0.9911278486251831,298.6794738769531,376.07489013671875,0.9979421496391296,296.35198974609375,372.5807189941406,0.018445495516061783
26,298.7838439941406,372.7484130859375,0.014482548460364342,301.8798828125,371.95513916015625,0.006772316060960293,302.66729736328125,348.99285888671875,0.9873122572898865,296.301025390625,377.46875,0.9972587823867798,295.9908142089844,370.69610595703125,0.022233378142118454
27,298.781005859375,350.9520263671875,0.013781294226646423,295.715087890625,380.66552734375,0.007536818739026785,302.3093566894531,349.7684631347656,0.9851865172386169,295.1587219238281,377.2094421386719,0.9990574717521667,295.9236145019531,371.0036315917969,0.016036564484238625
28,298.0150146484375,356.2864074707031,0.012629305943846703,525.2080688476562,360.8826904296875,0.012210053391754627,301.6551818847656,349.0489807128906,0.9924105405807495,293.9344787597656,377.098388671875,0.9993852376937866,295.8426208496094,370.64495849609375,0.01419958658516407
29,297.9154357910156,356.38482666015625,0.01342750247567892,283.54315185546875,382.0087890625,0.007038468960672617,302.1586608886719,349.88916015625,0.992210865020752,293.98590087890625,376.9778747558594,0.9992684721946716,296.1499938964844,370.9949951171875,0.01448309887200594
30,297.78167724609375,371.98492431640625,0.012285084463655949,525.9998779296875,364.5516662597656,0.00877565797418356,302.931884765625,350.2666931152344,0.9909351468086243,294.0863952636719,377.16119384765625,0.9994171857833862,296.2677001953125,371.3744812011719,0.013221939094364643
31,298.3702392578125,372.654052734375,0.014026663266122341,296.0540466308594,380.9624328613281,0.008399734273552895,303.26141357421875,350.76348876953125,0.9834901094436646,295.8977355957031,378.0049133300781,0.9982197880744934,296.31219482421875,371.31866455078125,0.019168870523571968
32,302.2904052734375,366.7388916015625,0.015323649160563946,302.0179138183594,371.1964416503906,0.00727483443915844,305.6245422363281,350.10980224609375,0.9941436648368835,299.5028991699219,377.02288818359375,0.9980231523513794,296.4004821777344,372.7191467285156,0.019229711964726448
33,306.64605712890625,367.7229919433594,0.014649386517703533,526.7496337890625,360.4145812988281,0.010680603794753551,309.53387451171875,349.43341064453125,0.6348139047622681,303.62841796875,375.2239074707031,0.9977259039878845,296.4362487792969,372.3446044921875,0.011900187470018864
34,308.7423400878906,359.20001220703125,0.019467953592538834,334.89794921875,286.5550842285156,0.010718701407313347,310.86883544921875,344.2320251464844,0.15714769065380096,308.2339782714844,371.27301025390625,0.9991056323051453,299.6426086425781,371.96099853515625,0.007973804138600826
35,316.5970153808594,366.6889343261719,0.014820768497884274,335.06072998046875,280.94793701171875,0.019295545294880867,312.94671630859375,353.5513000488281,0.025405922904610634,310.7916259765625,368.5931396484375,0.9952705502510071,311.92559814453125,373.5522766113281,0.010748986154794693
36,314.47705078125,364.3623962402344,0.04775349795818329,334.0574951171875,277.2263488769531,0.017820440232753754,311.72247314453125,337.2181396484375,0.14917351305484772,308.4280090332031,361.84295654296875,0.9981620907783508,299.3125915527344,371.04022216796875,0.02843683771789074
37,311.756591796875,356.0335693359375,0.02274327352643013,298.8553466796875,364.638427734375,0.01044460292905569,312.24774169921875,331.8709411621094,0.5989471077919006,306.492431640625,355.4194030761719,0.9995101690292358,296.4090576171875,357.84088134765625,0.017122408375144005
38,314.7876281738281,350.1580810546875,0.020398862659931183,517.8693237304688,365.9964599609375,0.009890683926641941,311.6400451660156,329.21014404296875,0.3422703444957733,306.93072509765625,352.1424255371094,0.999099850654602,296.74749755859375,357.2559814453125,0.019615374505519867
39,308.34246826171875,350.28765869140625,0.02035227231681347,300.2052307128906,350.3974609375,0.006888573989272118,311.6925048828125,328.5350646972656,0.26505741477012634,307.35400390625,351.0617370605469,0.998777449131012,296.50927734375,356.853271484375,0.023504335433244705
40,307.99017333984375,350.9261474609375,0.023199021816253662,329.72540283203125,276.2813720703125,0.01005766075104475,310.1894836425781,329.43572998046875,0.2530529201030731,305.561279296875,352.442626953125,0.9991568326950073,294.8626403808594,357.5860290527344,0.025831861421465874
41,307.58984375,350.6221923828125,0.028055064380168915,321.6059875488281,276.59942626953125,0.015589003451168537,305.4681396484375,327.2510070800781,0.5217989087104797,302.4934997558594,352.6506652832031,0.9981160163879395,293.91259765625,357.8165283203125,0.03043900802731514
42,301.60345458984375,348.4655456542969,0.01826302520930767,320.9116516113281,270.3233947753906,0.0795895904302597,303.7108459472656,326.33538818359375,0.7758820652961731,298.46905517578125,351.50811767578125,0.9941603541374207,293.5700378417969,358.3184509277344,0.022644590586423874
43,306.0885009765625,347.49212646484375,0.018683096393942833,320.97503662109375,269.2323913574219,0.13934096693992615,302.6463928222656,323.8327941894531,0.7547758221626282,296.4443664550781,349.0404357910156,0.9936815500259399,293.8529357910156,357.57830810546875,0.01911577209830284
44,300.5834655761719,342.5010986328125,0.01970435306429863,321.2117614746094,261.0607604980469,0.12113675475120544,302.5040283203125,321.2525329589844,0.6402674913406372,295.7775573730469,346.35906982421875,0.9968942403793335,293.56036376953125,357.6074523925781,0.019023055210709572
45,300.12518310546875,341.80029296875,0.016982531175017357,321.7550354003906,258.8511047363281,0.07690650224685669,302.76153564453125,318.3755187988281,0.491167813539505,295.9430236816406,343.4906921386719,0.9974601864814758,293.17156982421875,356.9015808105469,0.021910620853304863
46,303.04937744140625,335.52777099609375,0.013056688010692596,319.591796875,253.29017639160156,0.1731233149766922,303.2684631347656,317.1212158203125,0.27273690700531006,298.38641357421875,341.555419921875,0.9990205764770508,292.7271728515625,355.8839111328125,0.029668394476175308
47,306.5345764160156,334.8731689453125,0.014964043162763119,318.61236572265625,261.94281005859375,0.22163911163806915,305.2085876464844,316.3035583496094,0.10085146874189377,300.0775146484375,340.1956481933594,0.9994687438011169,293.1829528808594,354.3252868652344,0.03196859359741211
48,306.7819519042969,335.0850830078125,0.016435638070106506,318.68218994140625,261.3028869628906,0.27269548177719116,305.8515930175781,316.38238525390625,0.09779976308345795,300.9815673828125,340.4398193359375,0.9994146823883057,293.7589416503906,354.4994201660156,0.03534028306603432
49,306.7483215332031,334.9722595214844,0.01908932253718376,320.7279052734375,251.95510864257812,0.15535856783390045,306.0494689941406,315.7610168457031,0.3202187418937683,301.42059326171875,340.15380859375,0.9993489384651184,293.9921875,354.4676208496094,0.03133786842226982
50,306.92572021484375,334.7218933105469,0.024890173226594925,320.3195495605469,251.5811767578125,0.1886703073978424,305.3723449707031,314.62017822265625,0.6567217707633972,301.45379638671875,340.2433166503906,0.9990384578704834,294.5129699707031,354.9657287597656,0.0268348790705204
51,306.8051452636719,334.8733215332031,0.02746221423149109,317.9580078125,247.38821411132812,0.23173703253269196,305.8836975097656,314.343017578125,0.8552159667015076,301.62548828125,340.7373046875,0.9985470175743103,294.5718078613281,355.0097961425781,0.019575191661715508
52,306.7795104980469,334.8854675292969,0.034986697137355804,317.9659423828125,247.18368530273438,0.41023245453834534,305.40960693359375,313.7143859863281,0.8493285775184631,301.7435607910156,340.2791442871094,0.9980520009994507,296.2854309082031,342.3210754394531,0.01976444199681282
53,306.45037841796875,334.8260192871094,0.028260545805096626,317.7501220703125,247.0673065185547,0.40181437134742737,304.6978759765625,313.4171447753906,0.9662383794784546,301.5093078613281,340.1448669433594,0.9973631501197815,296.4313659667969,342.53436279296875,0.01967984437942505
54,306.3090515136719,334.89495849609375,0.026377972215414047,317.5537109375,246.73074340820312,0.4193723499774933,304.2335510253906,313.9275817871094,0.9798927307128906,301.2149658203125,341.14141845703125,0.997016191482544,294.3729248046875,355.09344482421875,0.018248947337269783
55,306.2379150390625,335.0269775390625,0.0204171072691679,317.22271728515625,247.38255310058594,0.28995829820632935,304.7043762207031,314.4181823730469,0.9880810976028442,301.3551940917969,341.40966796875,0.9967753291130066,294.3257141113281,355.202880859375,0.01889777183532715
56,306.5334777832031,335.5331726074219,0.018669525161385536,318.3844299316406,251.95223999023438,0.26959389448165894,304.9165344238281,315.36749267578125,0.9843276143074036,301.8817443847656,341.8794250488281,0.9968953132629395,294.41046142578125,355.31488037109375,0.020626064389944077
57,303.6988220214844,335.094970703125,0.025279350578784943,318.0987548828125,253.10365295410156,0.2176067978143692,305.8399658203125,317.69329833984375,0.9835756421089172,302.4770202636719,343.4228820800781,0.9960492253303528,297.5715026855469,342.6623229980469,0.01507500745356083
58,309.0781555175781,340.2175598144531,0.034615036100149155,318.1362609863281,254.53575134277344,0.1453453004360199,307.26422119140625,320.8399353027344,0.9676564335823059,302.3028259277344,346.9743347167969,0.9958823919296265,299.2176818847656,342.11212158203125,0.012551899068057537
59,307.6448669433594,340.6383972167969,0.024089565500617027,317.5044250488281,255.02609252929688,0.16063006222248077,305.756103515625,322.4120788574219,0.9925002455711365,300.77008056640625,349.06829833984375,0.9959427714347839,300.1661376953125,341.8091125488281,0.014029121957719326
60,307.93914794921875,349.9342041015625,0.03942400589585304,316.8654479980469,256.33477783203125,0.1444891393184662,305.2589416503906,326.51397705078125,0.9974023103713989,301.1532287597656,353.0582275390625,0.9956982135772705,295.1540222167969,370.0089416503906,0.01570110023021698
61,306.945556640625,350.7687683105469,0.03816961497068405,318.62713623046875,259.133544921875,0.10605864226818085,306.4634704589844,329.3819274902344,0.9903774857521057,303.33984375,357.0210876464844,0.9966707825660706,297.253662109375,357.29058837890625,0.022315707057714462
62,304.1429748535156,349.42852783203125,0.031154103577136993,317.941162109375,258.99456787109375,0.0370597317814827,307.22845458984375,332.1994323730469,0.9914743900299072,304.59234619140625,360.6920166015625,0.9981245398521423,298.0367736816406,357.7037658691406,0.0242677703499794
63,304.0519104003906,350.22100830078125,0.03465753421187401,317.6357421875,259.06512451171875,0.0536368191242218,307.12841796875,334.3041076660156,0.9891136884689331,304.3034973144531,361.3296203613281,0.9986544847488403,298.0890197753906,358.2056579589844,0.01944073848426342
64,303.93218994140625,350.8139953613281,0.04031181335449219,317.2921142578125,259.2392883300781,0.06916709244251251,307.4810791015625,335.5901184082031,0.9811888337135315,305.5984802246094,362.3916931152344,0.9986831545829773,299.34619140625,357.980712890625,0.02160048484802246
65,324.2865295410156,300.60089111328125,0.033669039607048035,317.3137512207031,258.88250732421875,0.09328153729438782,308.9606018066406,336.252685546875,0.982058584690094,308.3092346191406,363.8042907714844,0.9986932873725891,296.9917297363281,372.34136962890625,0.017308251932263374
66,313.60723876953125,359.3912353515625,0.03046037256717682,317.69427490234375,259.3101806640625,0.07736044377088547,307.8318176269531,338.06024169921875,0.9543589353561401,310.377197265625,364.92724609375,0.9962301850318909,309.4784851074219,372.8568115234375,0.010338173247873783
67,313.4572448730469,358.7797546386719,0.019951358437538147,317.754150390625,259.9483642578125,0.02010512910783291,309.4538269042969,339.2239074707031,0.8709164261817932,311.07098388671875,365.7421875,0.9969225525856018,310.0741271972656,373.76214599609375,0.016024049371480942
68,313.5838623046875,358.75860595703125,0.02050349861383438,317.29718017578125,260.3157043457031,0.01769292913377285,309.6202697753906,339.8426818847656,0.845559298992157,311.37786865234375,365.88751220703125,0.9956862926483154,310.45709228515625,373.64111328125,0.01682273857295513
69,313.6203918457031,358.65185546875,0.01804611273109913,317.349853515625,260.0807189941406,0.022065294906497,309.5766906738281,339.9810791015625,0.8721058964729309,311.686279296875,365.8088684082031,0.993486762046814,310.3380432128906,373.3722839355469,0.017125876620411873
70,325.9812927246094,301.687255859375,0.021277012303471565,317.4859924316406,259.9172668457031,0.012410435825586319,309.1925048828125,339.7347717285156,0.8738455772399902,311.35986328125,365.9509582519531,0.9931649565696716,310.3533020019531,373.0579528808594,0.015641314908862114
71,325.9535827636719,301.3153076171875,0.026689648628234863,317.1772155761719,259.766357421875,0.026768676936626434,308.5754089355469,339.47723388671875,0.7355848550796509,310.7655334472656,365.7609558105469,0.9959937334060669,309.7851257324219,373.39697265625,0.012552394531667233
72,325.8835144042969,301.34649658203125,0.04969038814306259,317.4017028808594,258.56719970703125,0.09483020007610321,308.0630798339844,338.62469482421875,0.8962780833244324,309.9608459472656,364.76763916015625,0.9979017972946167,309.6304016113281,373.07037353515625,0.013363771140575409
73,325.5224609375,301.6181640625,0.04202016815543175,317.6693115234375,258.3922119140625,0.09106367081403732,307.7485656738281,337.3719482421875,0.9567866921424866,308.8776550292969,362.7825622558594,0.9986206293106079,297.1694030761719,371.4111022949219,0.01603257656097412
74,325.3617248535156,301.49249267578125,0.04224414750933647,317.8872985839844,258.2463684082031,0.13312266767024994,308.8233337402344,334.98052978515625,0.9904206991195679,307.28411865234375,360.2975158691406,0.9983812570571899,295.9612121582031,371.086669921875,0.02453620173037052
75,325.2138977050781,301.81756591796875,0.0593285895884037,317.8468322753906,259.1137390136719,0.08741873502731323,308.53826904296875,335.1658020019531,0.9893980026245117,306.5732727050781,360.4437561035156,0.9981350898742676,296.02178955078125,371.7081298828125,0.023565273731946945
76,324.8939514160156,301.80670166015625,0.06508942693471909,318.0345764160156,259.60137939453125,0.10758443176746368,306.89019775390625,335.7657470703125,0.9908922910690308,305.7173156738281,360.956787109375,0.9979274272918701,295.38018798828125,372.8271179199219,0.023140769451856613
77,324.59478759765625,302.4095153808594,0.0562555305659771,318.32318115234375,260.3740539550781,0.07541698962450027,305.7018127441406,336.8096923828125,0.9918572902679443,304.4369812011719,363.226806640625,0.9967820644378662,294.6922912597656,373.8465270996094,0.023591527715325356
78,324.26324462890625,302.2279357910156,0.03883345425128937,318.1102294921875,261.52587890625,0.025857843458652496,304.782958984375,339.4531555175781,0.9937573671340942,303.40289306640625,365.78179931640625,0.994967520236969,293.7624206542969,374.2470703125,0.02045067586004734
79,323.88494873046875,302.8903503417969,0.02536863461136818,319.46826171875,268.01861572265625,0.019762445241212845,304.3727722167969,341.0027160644531,0.9943062663078308,301.8870544433594,368.3876647949219,0.9971591234207153,294.7299499511719,373.7532043457031,0.030244214460253716
80,323.9129638671875,303.4308776855469,0.02588016539812088,319.8254089355469,268.3013610839844,0.018847500905394554,302.77142333984375,341.4199523925781,0.9929168224334717,300.33770751953125,370.3055725097656,0.9968240261077881,296.1283874511719,373.478271484375,0.03453635051846504
81,302.9566955566406,365.5324401855469,0.023108378052711487,299.88067626953125,369.4273376464844,0.014873972162604332,302.3055725097656,343.7354736328125,0.9890824556350708,295.5836486816406,371.9877624511719,0.998487114906311,296.49005126953125,372.4980163574219,0.04051661491394043
82,299.4456787109375,357.3702392578125,0.013231989927589893,301.27813720703125,335.00836181640625,0.008232519030570984,300.6017761230469,344.4006042480469,0.996274471282959,293.79595947265625,372.4620056152344,0.9993466734886169,297.1899108886719,372.5957946777344,0.017333487048745155
83,321.0782165527344,309.385009765625,0.016243496909737587,301.08905029296875,335.1458740234375,0.010796008631587029,299.0970458984375,345.83349609375,0.9970906972885132,292.6412048339844,373.2262268066406,0.9992945194244385,299.47222900390625,362.1217956542969,0.010481279343366623
84,320.8258972167969,309.7394104003906,0.019213998690247536,301.0011291503906,334.8324279785156,0.011412817984819412,297.5760498046875,347.027099609375,0.996747612953186,292.2058410644531,373.97491455078125,0.9990940093994141,283.71435546875,373.6016540527344,0.012048142030835152
85,298.5257263183594,356.69342041015625,0.013721744529902935,283.2025451660156,381.380615234375,0.0077490294352173805,297.2789611816406,349.03167724609375,0.995455265045166,292.19036865234375,376.746337890625,0.9979615211486816,299.72808837890625,361.81170654296875,0.01220552809536457
86,320.4498291015625,315.70599365234375,0.04347563907504082,282.6580810546875,381.817138671875,0.007715524639934301,296.9580383300781,350.5863342285156,0.9932235479354858,290.7593688964844,379.948974609375,0.9977155923843384,300.06439208984375,361.4293212890625,0.012784638442099094
87,320.56378173828125,315.900634765625,0.029735414311289787,282.78875732421875,382.26068115234375,0.0071896449662745,295.4884338378906,355.1622314453125,0.9903117418289185,288.4376220703125,382.7857971191406,0.9977777600288391,286.917724609375,372.8150329589844,0.013075705617666245
88,320.247314453125,316.8638916015625,0.04247306287288666,283.6393127441406,383.5818786621094,0.007997605949640274,294.0348205566406,357.186767578125,0.9940045475959778,287.5110778808594,385.29754638671875,0.9977922439575195,287.4259338378906,371.7415466308594,0.01717093028128147
89,319.2646484375,318.4104309082031,0.03452987223863602,284.6932067871094,385.108154296875,0.009745892137289047,293.167724609375,359.61968994140625,0.9921007752418518,286.155029296875,388.39251708984375,0.9983198046684265,287.3934020996094,370.8384704589844,0.014758694916963577
90,318.28070068359375,318.88153076171875,0.040141209959983826,284.981201171875,385.9660949707031,0.009197765029966831,292.1130676269531,361.9290771484375,0.9967607855796814,283.678466796875,389.631103515625,0.9982028007507324,280.5692138671875,389.5084228515625,0.012257995083928108
91,318.1116027832031,318.9085998535156,0.03430582582950592,284.88934326171875,386.5458984375,0.006944699678570032,291.15850830078125,363.3707275390625,0.9983205199241638,281.8008117675781,390.4429931640625,0.9974620342254639,280.96588134765625,389.3520812988281,0.011093824170529842
92,317.6651306152344,319.2708740234375,0.02352001890540123,279.360595703125,395.5495300292969,0.006462112069129944,290.63983154296875,364.46710205078125,0.9985610842704773,279.5540466308594,390.83355712890625,0.9969584941864014,278.5678405761719,403.9015808105469,0.01122802123427391
93,317.3898620605469,319.40576171875,0.013177188113331795,279.4742126464844,395.9412536621094,0.008302399888634682,289.6846008300781,364.1807556152344,0.9981163740158081,279.2452697753906,390.7128601074219,0.9977292418479919,281.031005859375,388.4932556152344,0.014386682771146297
94,286.0859069824219,382.13897705078125,0.012221336364746094,279.6203308105469,395.8707580566406,0.009338021278381348,288.6353454589844,363.4781188964844,0.9976968169212341,278.688232421875,390.0423278808594,0.9986353516578674,280.7051696777344,388.1379089355469,0.017907848581671715
95,286.22613525390625,382.07965087890625,0.011281689628958702,279.5469970703125,395.58612060546875,0.007989865727722645,288.15673828125,362.1856689453125,0.9974521994590759,278.3358459472656,389.33331298828125,0.9989863038063049,280.88232421875,388.4024963378906,0.014622745104134083
96,286.14654541015625,381.98785400390625,0.010310475714504719,279.5050048828125,395.71868896484375,0.008487345650792122,287.92840576171875,360.7724304199219,0.9964562058448792,278.17962646484375,388.426513671875,0.9990715980529785,277.91754150390625,402.04925537109375,0.012886765412986279
97,285.85333251953125,381.7957763671875,0.010740694589912891,282.61309814453125,385.4873962402344,0.008074657991528511,288.078857421875,360.32501220703125,0.9966129660606384,277.9352111816406,387.59320068359375,0.9990712404251099,280.19866943359375,388.4410705566406,0.011776095256209373
98,283.4924621582031,373.22918701171875,0.009894264861941338,281.9171447753906,385.1421203613281,0.005580537021160126,287.681884765625,359.5925598144531,0.9925243258476257,277.143798828125,386.176025390625,0.9993680119514465,280.7240905761719,377.7971496582031,0.009131386876106262
99,283.11383056640625,373.1224060058594,0.013922520913183689,281.63067626953125,384.5570068359375,0.0061079771257936954,287.02508544921875,358.29180908203125,0.9942079782485962,275.8157958984375,384.8602294921875,0.9993798732757568,280.73211669921875,377.00970458984375,0.010466601699590683
100,282.9486999511719,372.79888916015625,0.014052538201212883,288.0866394042969,371.14910888671875,0.006280800327658653,286.7877502441406,358.3324279785156,0.9936968684196472,274.9543762207031,384.6165771484375,0.9994471669197083,285.5007629394531,371.7922058105469,0.008102712221443653
101,282.8949890136719,372.46246337890625,0.017243415117263794,287.9491271972656,371.2709045410156,0.007374529726803303,286.8528137207031,358.493896484375,0.9943649768829346,274.66949462890625,384.5697021484375,0.9994136095046997,280.9656066894531,376.45965576171875,0.009255049750208855
102,282.75042724609375,372.5942077636719,0.01812811940908432,281.4551086425781,384.3935546875,0.008445068262517452,287.1168518066406,359.3031311035156,0.9942348599433899,274.7511291503906,385.66046142578125,0.9995299577713013,280.96282958984375,376.98046875,0.011107072234153748
103,282.53204345703125,372.913330078125,0.015482911840081215,282.3622741699219,385.2491760253906,0.010143458843231201,286.7119140625,361.5218200683594,0.9938178658485413,274.8312072753906,387.44525146484375,0.9996007084846497,279.9667663574219,386.41363525390625,0.011716021224856377
104,282.7463684082031,372.9199523925781,0.01222304068505764,267.2413330078125,396.18896484375,0.0102872084826231,286.1427917480469,362.5707702636719,0.9960300326347351,275.295654296875,389.0819396972656,0.9995216131210327,280.2167053222656,386.552001953125,0.00988596398383379
105,283.74017333984375,382.6524353027344,0.010951831936836243,267.3116455078125,396.07696533203125,0.009351312182843685,286.20318603515625,364.560546875,0.9969320297241211,275.3457946777344,390.4710693359375,0.9991843104362488,281.39337158203125,386.3804016113281,0.010929913260042667
106,282.4455261230469,387.6166687011719,0.013808871619403362,279.7146301269531,396.8763427734375,0.00850921031087637,286.91680908203125,366.7091979980469,0.9948339462280273,275.0633850097656,393.4761047363281,0.9986203908920288,282.8099670410156,386.42547607421875,0.013524060137569904
107,283.0698547363281,387.9242858886719,0.018552910536527634,280.1012268066406,397.58160400390625,0.009108802303671837,286.4971923828125,368.4189758300781,0.9942296743392944,274.7408752441406,394.9400329589844,0.999051034450531,283.0124816894531,385.8501892089844,0.01940830983221531
108,283.6455383300781,388.4305725097656,0.018117351457476616,287.7206115722656,387.7306823730469,0.008623069152235985,287.0749816894531,370.1224365234375,0.9913448095321655,276.0926818847656,395.6773681640625,0.9991894364356995,282.84619140625,386.7496337890625,0.025893332436680794
109,283.885986328125,388.76904296875,0.01980702206492424,280.4122009277344,398.2976989746094,0.00916104856878519,287.4453125,371.5428466796875,0.9899923205375671,277.4427185058594,396.2129821777344,0.9988166093826294,282.9986877441406,387.16119384765625,0.032317884266376495
110,284.0712585449219,388.7398376464844,0.020536011084914207,280.44683837890625,398.356689453125,0.009559638798236847,287.4335021972656,372.1368713378906,0.9918047189712524,277.7407531738281,396.6555480957031,0.9987128973007202,283.3177490234375,387.72332763671875,0.029936019331216812
111,283.7169189453125,388.6907043457031,0.02093207649886608,280.71087646484375,398.6631774902344,0.00981902051717043,287.5357666015625,371.1163024902344,0.9892807602882385,276.73138427734375,397.54791259765625,0.9988798499107361,283.74688720703125,387.6879577636719,0.018263371661305428
112,283.1845703125,388.0400695800781,0.021598506718873978,288.1336364746094,386.8380126953125,0.008868076838552952,285.88519287109375,371.32183837890625,0.9912552833557129,274.4329528808594,397.612548828125,0.9991216063499451,283.6441650390625,387.24530029296875,0.01673412322998047
113,282.1056823730469,382.80181884765625,0.013505568727850914,287.64251708984375,386.27655029296875,0.007614585105329752,283.7298583984375,370.5650329589844,0.9915391802787781,272.01837158203125,397.0486145019531,0.9987415671348572,284.19195556640625,386.4423522949219,0.01178061868995428
114,275.0401306152344,381.6893615722656,0.01238225121051073,286.8067932128906,385.4987487792969,0.006434925366193056,281.9682922363281,369.85491943359375,0.9887835383415222,269.33233642578125,396.3017883300781,0.9978687763214111,267.72833251953125,387.91845703125,0.01209382712841034
115,270.7411804199219,382.03729248046875,0.023956459015607834,270.9717102050781,386.1737060546875,0.007490057032555342,279.6484375,368.0869140625,0.9908938407897949,269.0649108886719,394.1552734375,0.9971016049385071,265.9590759277344,388.6053771972656,0.01781776174902916
116,270.5204162597656,382.7362060546875,0.025124527513980865,269.9009094238281,386.1080322265625,0.010624485090374947,279.1620788574219,367.6461486816406,0.996505618095398,267.9788513183594,393.7060852050781,0.9967407584190369,265.9833068847656,388.6505432128906,0.017256170511245728
117,271.1527099609375,382.5790100097656,0.019266201183199883,269.1365051269531,385.81280517578125,0.011458021588623524,279.1221923828125,365.9810791015625,0.9969377517700195,268.6128845214844,391.0948486328125,0.997771680355072,265.2464904785156,389.4078063964844,0.013797318562865257
118,271.39892578125,382.5029602050781,0.014550264924764633,264.8074645996094,395.48321533203125,0.010152282193303108,279.8205871582031,365.23480224609375,0.9933983087539673,270.6705322265625,391.08203125,0.9972803592681885,265.1968688964844,389.6632995605469,0.010666364803910255
119,276.3160400390625,372.5246276855469,0.013376772403717041,266.61749267578125,395.68109130859375,0.013418895192444324,282.9721374511719,362.7760009765625,0.9959539175033569,273.11279296875,388.93450927734375,0.9988595247268677,282.2237548828125,377.5098571777344,0.01492322701960802
120,283.6153869628906,372.97283935546875,0.021684911102056503,280.21514892578125,395.5769348144531,0.012707115150988102,285.9638671875,360.77423095703125,0.9958032965660095,277.8617248535156,387.8293762207031,0.9993700385093689,279.118408203125,387.4504089355469,0.019162196666002274
121,286.2347412109375,373.5861511230469,0.012782249599695206,313.46417236328125,308.2464294433594,0.007900804281234741,291.7684020996094,359.92578125,0.9981393814086914,287.0782470703125,384.9456787109375,0.9987779259681702,277.9316101074219,390.727783203125,0.0161751601845026
122,298.4070129394531,372.9017333984375,0.018430039286613464,320.2461242675781,308.4729309082031,0.015239916741847992,296.5242614746094,356.48291015625,0.9622736573219299,294.2167053222656,382.4786376953125,0.9972694516181946,299.5071105957031,371.8694763183594,0.011620686389505863
123,298.9104919433594,359.0863037109375,0.025642450898885727,321.5853271484375,303.4003601074219,0.014695416204631329,300.1043701171875,353.65069580078125,0.9743993878364563,298.9502258300781,377.85540771484375,0.997194766998291,298.7047119140625,374.6357727050781,0.013334247283637524
124,299.8634033203125,358.625244140625,0.023484615609049797,322.55657958984375,302.37518310546875,0.022338971495628357,302.6504211425781,352.5713195800781,0.9784204363822937,300.7687683105469,376.7218322753906,0.9968791007995605,297.92413330078125,374.9666442871094,0.017365312203764915
125,302.2797546386719,366.4550476074219,0.017997412011027336,323.0492858886719,302.47998046875,0.023722894489765167,303.656005859375,351.9836120605469,0.9909130334854126,301.0809631347656,376.90228271484375,0.9971877932548523,293.57086181640625,388.659912109375,0.016577234491705894
126,302.72772216796875,366.4699401855469,0.018765399232506752,325.080078125,306.2409973144531,0.02000836841762066,305.3459167480469,352.75335693359375,0.9933985471725464,301.7243957519531,377.2100830078125,0.9971978664398193,298.30352783203125,374.9091491699219,0.014513355679810047
127,303.0941467285156,366.4238586425781,0.01874476484954357,325.3512268066406,306.03155517578125,0.018667029216885567,305.614501953125,352.56329345703125,0.9937886595726013,302.19573974609375,377.27880859375,0.9966158270835876,294.1755676269531,388.7306213378906,0.016333047300577164
128,305.1963806152344,366.81390380859375,0.020847126841545105,325.5995178222656,305.81524658203125,0.019721630960702896,306.528564453125,351.780029296875,0.9926828742027283,303.97454833984375,375.7437744140625,0.9953441023826599,294.4100036621094,388.1986083984375,0.019512087106704712
129,305.5645751953125,366.8190612792969,0.01870805025100708,325.9876403808594,305.25811767578125,0.01694789156317711,306.7413635253906,350.522216796875,0.994920551776886,303.67205810546875,373.62310791015625,0.9970667958259583,294.4347839355469,387.75494384765625,0.01693640649318695
130,306.2876892089844,366.5216064453125,0.02225615829229355,327.413330078125,299.7183837890625,0.009775415994226933,307.14215087890625,348.2423400878906,0.9954279661178589,304.2854309082031,371.90728759765625,0.9975868463516235,296.990478515625,375.4524841308594,0.014979592524468899
131,306.7738037109375,365.94281005859375,0.017615459859371185,300.66888427734375,368.6104736328125,0.011654010973870754,306.8639221191406,344.7522277832031,0.9963083863258362,303.6012878417969,370.1797790527344,0.9986427426338196,294.90667724609375,374.6216125488281,0.02236039750277996
132,301.7352600097656,357.4145812988281,0.016191551461815834,299.2166748046875,367.51409912109375,0.009164546616375446,306.094482421875,343.56292724609375,0.9979720711708069,302.56182861328125,367.5531005859375,0.9976288676261902,293.97393798828125,374.8218688964844,0.022841861471533775
133,301.7078857421875,351.11773681640625,0.019187023863196373,298.6197509765625,360.7029724121094,0.00826778169721365,306.2191162109375,340.38427734375,0.9988478422164917,299.96527099609375,366.5157470703125,0.9958128333091736,294.7007751464844,374.8888244628906,0.02661476656794548
134,301.7254943847656,351.158203125,0.01740807294845581,318.5545959472656,332.80767822265625,0.009396065026521683,306.4617919921875,340.2749938964844,0.9989547729492188,298.3795166015625,366.30389404296875,0.9955258965492249,295.2142333984375,374.7318420410156,0.0234619602560997
135,301.58575439453125,351.2107849121094,0.019708305597305298,318.71197509765625,332.67755126953125,0.009855513460934162,306.54193115234375,340.4168395996094,0.9989078044891357,297.81622314453125,365.998046875,0.9958170056343079,295.3739318847656,374.5299072265625,0.0202871635556221
136,301.57464599609375,351.2178955078125,0.018321754410862923,318.74493408203125,332.5709228515625,0.010497537441551685,306.71405029296875,340.6103820800781,0.9989474415779114,298.1270446777344,366.130615234375,0.9960197806358337,295.2665710449219,374.8598327636719,0.020370809361338615
137,317.099853515625,332.1641845703125,0.020347241312265396,318.69952392578125,332.8641052246094,0.012202532030642033,307.0799560546875,340.3224792480469,0.9988344311714172,299.0475769042969,366.6542053222656,0.9950395226478577,300.6520080566406,356.7401123046875,0.02207976207137108
138,302.0318603515625,350.8424072265625,0.025460561737418175,318.9730224609375,333.1434326171875,0.008210237137973309,307.7833557128906,341.3612060546875,0.9986446499824524,300.68719482421875,366.34722900390625,0.9946902990341187,300.93603515625,356.53887939453125,0.026611555367708206
139,302.5643005371094,350.7614440917969,0.02813916653394699,299.9929504394531,360.9366455078125,0.007201417349278927,309.0966796875,342.71160888671875,0.9974688291549683,302.7548522949219,367.6300354003906,0.9969335794448853,301.6258544921875,356.58441162109375,0.026927543804049492
140,303.3993225097656,350.37847900390625,0.018683752045035362,299.98956298828125,361.2387390136719,0.005659529939293861,310.75787353515625,342.48699951171875,0.9941661357879639,303.9278259277344,368.12066650390625,0.9971749782562256,302.1665344238281,356.1864318847656,0.01984335482120514
141,314.17132568359375,357.4874267578125,0.013481447473168373,300.11407470703125,367.7469787597656,0.005671685095876455,311.74371337890625,342.3875732421875,0.9853627681732178,305.0010681152344,368.3091735839844,0.9986863732337952,296.7071228027344,374.8702087402344,0.011110753752291203
142,314.440673828125,357.6673278808594,0.01238500326871872,300.2944030761719,367.531494140625,0.00516182417050004,312.08349609375,341.6282958984375,0.9812510013580322,306.4126281738281,368.0186767578125,0.9991200566291809,297.0825500488281,374.57965087890625,0.009861224330961704
143,314.65203857421875,357.405029296875,0.011599958874285221,300.6690368652344,367.4974365234375,0.004869385156780481,312.93780517578125,341.105712890625,0.979587197303772,306.88861083984375,368.4881896972656,0.9992625117301941,297.50299072265625,374.5077209472656,0.011210749857127666
144,314.8063659667969,357.481201171875,0.010609243996441364,300.65240478515625,366.9405822753906,0.004995299968868494,313.5942687988281,339.67999267578125,0.9726040959358215,307.17462158203125,367.3538513183594,0.999139666557312,297.154296875,373.986328125,0.01406604703515768
145,314.97174072265625,357.5356140136719,0.011052255518734455,299.9983215332031,366.05303955078125,0.005084114149212837,313.9949035644531,338.47015380859375,0.9700068831443787,308.3262023925781,366.27484130859375,0.9990962743759155,296.0496826171875,373.2672119140625,0.02400227077305317
146,335.8007507324219,302.5924377441406,0.02728079818189144,312.8696594238281,366.3276062011719,0.007197684608399868,315.3857727050781,337.164306640625,0.8989089727401733,309.5301818847656,364.0275573730469,0.9989745616912842,309.541259765625,371.6338195800781,0.018460247665643692
147,316.70538330078125,351.2205810546875,0.013545630499720573,316.8849182128906,355.0360412597656,0.006980051286518574,314.2522888183594,337.0801696777344,0.9326037764549255,310.75799560546875,359.3999938964844,0.9979405999183655,309.8057556152344,370.2694091796875,0.01897052861750126
148,332.6641845703125,303.71087646484375,0.019419662654399872,317.80828857421875,355.35052490234375,0.0062729306519031525,311.6571044921875,338.33935546875,0.8143507838249207,310.6669921875,361.8730163574219,0.8571941256523132,315.93572998046875,354.387939453125,0.00829646922647953
149,316.55029296875,357.4192199707031,0.013630892150104046,310.9094543457031,383.42706298828125,0.00581803685054183,311.16314697265625,340.2777099609375,0.6275252103805542,310.15185546875,373.7003173828125,0.9916081428527832,312.093017578125,370.8146667480469,0.005832639988511801
150,309.2244873046875,356.00531005859375,0.015592032112181187,303.476318359375,369.8426818847656,0.005540232639759779,311.05108642578125,343.11773681640625,0.8606398701667786,309.4640808105469,373.737548828125,0.9916513562202454,301.89105224609375,369.52685546875,0.008217827416956425
151,309.12457275390625,355.7501525878906,0.016455939039587975,303.61175537109375,369.88641357421875,0.00485458318144083,311.99761962890625,343.9136047363281,0.8707645535469055,309.5162353515625,373.6155700683594,0.9959238767623901,301.7818603515625,370.113037109375,0.007602044381201267
152,332.68731689453125,304.5462646484375,0.017093919217586517,310.8794250488281,382.49957275390625,0.005160054191946983,314.2890625,344.4769592285156,0.4986106753349304,310.6446533203125,376.69927978515625,0.9961743354797363,309.9891052246094,389.1229553222656,0.006148279178887606
153,333.7544250488281,303.99505615234375,0.019992973655462265,310.77716064453125,381.2023620605469,0.005856062285602093,315.33624267578125,344.212158203125,0.4381122589111328,312.00048828125,375.37933349609375,0.9967380166053772,309.5520935058594,390.10418701171875,0.011211009696125984
154,334.80963134765625,304.35894775390625,0.018692487850785255,311.44573974609375,381.5392761230469,0.006287813652306795,314.9821472167969,342.70611572265625,0.4261608123779297,311.69586181640625,373.4808349609375,0.996850311756134,309.80743408203125,388.96881103515625,0.010494447313249111
155,314.36822509765625,372.47064208984375,0.016855863854289055,528.8580932617188,363.0670471191406,0.013098993338644505,316.2115478515625,340.6534118652344,0.26979732513427734,312.0565490722656,372.2862854003906,0.9965284466743469,309.5574645996094,388.52508544921875,0.010931232012808323
156,315.0933837890625,373.5981750488281,0.044402047991752625,312.4097900390625,382.3708190917969,0.012065385468304157,313.7945556640625,354.5936279296875,0.008275498636066914,312.87994384765625,375.7627868652344,0.985751211643219,310.0146179199219,369.70562744140625,0.02071242779493332
157,315.11651611328125,374.1956787109375,0.04402465373277664,313.0645446777344,381.91162109375,0.017008015885949135,311.1346130371094,373.19366455078125,0.009189421311020851,313.9813537597656,375.815185546875,0.9785333275794983,311.2510681152344,388.4772644042969,0.021029246971011162
158,315.16229248046875,373.9423828125,0.03298705816268921,528.4732055664062,359.3384094238281,0.024755222722887993,310.9189147949219,373.4975280761719,0.006246833596378565,313.7334899902344,375.6676025390625,0.9663994312286377,309.42816162109375,368.64068603515625,0.01963864266872406
159,334.5858154296875,299.4903259277344,0.035477422177791595,525.843994140625,357.3656005859375,0.011779630556702614,314.0069274902344,356.2271423339844,0.02004813961684704,313.17333984375,372.4103088378906,0.9954914450645447,310.206787109375,387.7383728027344,0.012356190010905266
160,333.4328308105469,297.1478271484375,0.008332735858857632,524.0857543945312,356.3363342285156,0.009195918217301369,316.31048583984375,340.9144592285156,0.0695972591638565,312.38604736328125,368.54840087890625,0.9931320548057556,311.761962890625,375.1101379394531,0.007681688293814659
161,557.3762817382812,325.252197265625,0.020223550498485565,515.3041381835938,356.6329650878906,0.06428647041320801,315.01458740234375,340.52386474609375,0.04211489111185074,310.8758850097656,367.6417236328125,0.9979616403579712,311.4203796386719,374.53369140625,0.00650642067193985
162,556.255126953125,323.6361389160156,0.04427329823374748,514.74658203125,356.3502502441406,0.0934428721666336,310.817138671875,343.3831787109375,0.016740385442972183,310.9769592285156,365.1443786621094,0.9985467791557312,310.95562744140625,374.4139404296875,0.00771453557536006
163,554.980712890625,322.7537536621094,0.017455989494919777,513.936279296875,352.1302490234375,0.01753738708794117,303.7201843261719,344.1516418457031,0.055899981409311295,309.3783874511719,363.4740295410156,0.9992838501930237,298.751220703125,372.0185546875,0.014225761406123638
164,314.6639404296875,363.6703796386719,0.01723686419427395,311.6003112792969,365.85137939453125,0.010227360762655735,303.64837646484375,344.20172119140625,0.03845515102148056,307.7889404296875,362.1831970214844,0.9987121820449829,297.8511047363281,372.0337219238281,0.016033969819545746
165,303.87091064453125,350.4023742675781,0.018574345856904984,311.6337890625,365.32940673828125,0.010196871124207973,303.872802734375,343.1897277832031,0.02128421515226364,305.8728332519531,359.2051086425781,0.9985426664352417,296.7285461425781,372.1678466796875,0.017101509496569633
166,303.42626953125,350.4129638671875,0.014105666428804398,300.8506774902344,353.68243408203125,0.008058732375502586,307.60980224609375,340.14300537109375,0.010501347482204437,303.72357177734375,356.69586181640625,0.9983351826667786,296.25531005859375,371.9272155761719,0.015417594462633133
167,306.2538146972656,350.3647766113281,0.008806499652564526,509.73321533203125,346.27532958984375,0.008915106765925884,294.4564208984375,343.0889587402344,0.01097236666828394,302.1968078613281,355.58154296875,0.9992376565933228,294.8394470214844,370.0979919433594,0.014673510566353798
168,305.8485412597656,350.32489013671875,0.006239130161702633,295.9783630371094,363.2290344238281,0.0070412857457995415,285.7002868652344,343.89447021484375,0.008977050893008709,300.58343505859375,355.150634765625,0.9993484616279602,293.98333740234375,369.3683776855469,0.013986070640385151
169,305.2251892089844,349.52398681640625,0.005398820620030165,507.419677734375,344.9173583984375,0.006872771307826042,284.77740478515625,343.38934326171875,0.016015736386179924,298.91339111328125,354.2411193847656,0.9994162321090698,293.49700927734375,369.3495178222656,0.011744567193090916
170,305.0152587890625,349.5762634277344,0.006283947266638279,500.9631652832031,346.532958984375,0.013485741801559925,284.1707458496094,343.79278564453125,0.01116808969527483,298.61114501953125,354.1833801269531,0.999340832233429,293.31524658203125,369.58709716796875,0.01232471875846386
171,304.90081787109375,348.7511291503906,0.006564896088093519,500.4248962402344,345.5351257324219,0.016849305480718613,283.61541748046875,343.3776550292969,0.011986483819782734,298.003662109375,353.225341796875,0.9991341233253479,293.32794189453125,369.22686767578125,0.007950320839881897
172,304.7607116699219,348.4123840332031,0.0062830476090312,495.6567687988281,343.063720703125,0.018223168328404427,283.51190185546875,343.21685791015625,0.013603017665445805,297.5324401855469,352.66754150390625,0.999030351638794,293.1368103027344,368.9625549316406,0.00563361681997776
173,301.8307800292969,349.7806701660156,0.006715361028909683,494.8968811035156,343.4424743652344,0.009917555376887321,283.6487731933594,343.90057373046875,0.013244695961475372,295.7364196777344,353.8773193359375,0.9993565678596497,292.9788513183594,369.8728942871094,0.0073592569679021835
174,302.0377502441406,350.2899475097656,0.009738600812852383,298.3831481933594,353.50360107421875,0.00970994308590889,297.9214172363281,340.6731262207031,0.01185328233987093,295.4280700683594,355.4925537109375,0.9994722008705139,293.48114013671875,370.8128356933594,0.010820540599524975
175,302.308837890625,350.9598083496094,0.009536582045257092,294.3087158203125,363.87042236328125,0.008585663512349129,298.85498046875,340.5663146972656,0.01112481951713562,295.3333435058594,357.16815185546875,0.9993382096290588,293.7990417480469,371.6764221191406,0.011242488399147987
176,302.611328125,351.1771545410156,0.007897837087512016,286.0248107910156,365.4252624511719,0.008886297233402729,298.6908874511719,341.85748291015625,0.00923492293804884,295.2451477050781,358.7085266113281,0.9990398287773132,293.93499755859375,372.5694885253906,0.011468397453427315
177,298.46197509765625,362.10455322265625,0.005039841867983341,286.323974609375,365.78753662109375,0.007247357629239559,284.1145324707031,345.6609191894531,0.005559652112424374,295.5889892578125,359.86279296875,0.9977824091911316,294.6595458984375,373.4267883300781,0.010359128937125206
178,299.314208984375,362.7021789550781,0.00266066356562078,495.93524169921875,342.84893798828125,0.006795883644372225,281.3360290527344,355.9610900878906,0.0038680697325617075,296.5745544433594,361.1576232910156,0.9916808009147644,295.0325012207031,373.46002197265625,0.005329497158527374
179,299.5788879394531,363.1763610839844,0.0016490072011947632,495.7596740722656,343.5384826660156,0.01113936398178339,281.5745849609375,355.96929931640625,0.004021030385047197,296.4617614746094,361.60302734375,0.9861189126968384,285.5443115234375,367.52203369140625,0.005344163626432419
180,301.0632629394531,358.0303955078125,0.0011944916332140565,495.60467529296875,343.9365234375,0.013538024388253689,281.7102355957031,356.0081787109375,0.0035967149306088686,295.9266662597656,361.23211669921875,0.9785188436508179,285.59527587890625,367.409912109375,0.004867930430918932
181,299.4505615234375,363.3268127441406,0.0016810954548418522,495.4709777832031,343.6319580078125,0.017340179532766342,281.40435791015625,356.1148376464844,0.004146519582718611,295.975830078125,361.62298583984375,0.9887561202049255,285.03729248046875,367.65142822265625,0.0053745536133646965
182,264.8041687011719,445.6200256347656,0.0006578818429261446,494.1849365234375,342.6083068847656,0.049004461616277695,282.1040954589844,356.2754211425781,0.001757818623445928,295.31396484375,360.713623046875,0.8766149282455444,286.1552734375,365.9814147949219,0.0028958111070096493
183,264.8367004394531,445.68829345703125,0.0005769369308836758,493.0788879394531,342.2796936035156,0.09858695417642593,282.1756286621094,357.70184326171875,0.0005136812687851489,295.4349060058594,363.88720703125,0.6894418597221375,262.0413818359375,440.2267150878906,0.0020477839279919863
184,264.8001708984375,445.6605224609375,0.0006576746236532927,492.0091857910156,342.5975341796875,0.0728229433298111,282.2530517578125,357.9468994140625,0.00022497981262858957,295.37689208984375,365.09906005859375,0.24885374307632446,262.00640869140625,440.314453125,0.002372785471379757
185,299.3649597167969,364.5028076171875,0.0006767738959752023,490.9886169433594,343.535888671875,0.058826763182878494,282.02191162109375,358.4774169921875,0.0006848846678622067,295.97821044921875,365.6507263183594,0.7778207659721375,262.0818786621094,440.3246765136719,0.0022945539094507694
186,299.7385559082031,364.49383544921875,0.0017893669428303838,489.6400451660156,345.33978271484375,0.059498898684978485,295.7711181640625,357.50262451171875,0.0012960926396772265,296.3088684082031,366.0442810058594,0.9051816463470459,295.75958251953125,370.1777648925781,0.0019254091894254088
187,300.35577392578125,363.85333251953125,0.0063832830637693405,489.4400329589844,345.3692932128906,0.04915419593453407,295.7621765136719,357.08013916015625,0.005572900176048279,297.10589599609375,366.1341552734375,0.9830014705657959,295.5947570800781,372.04010009765625,0.0072837211191654205
188,300.3080749511719,363.4892578125,0.007800315041095018,489.4028625488281,345.66595458984375,0.04264083504676819,295.96826171875,356.49713134765625,0.0069933077320456505,297.4817810058594,365.12255859375,0.9929952025413513,295.25054931640625,373.38836669921875,0.009950511157512665
189,300.1626281738281,363.3061218261719,0.008513234555721283,490.3411865234375,345.6120300292969,0.0287786815315485,296.115478515625,356.3760681152344,0.007713714148849249,297.0647277832031,364.25799560546875,0.9960877895355225,294.8619689941406,374.4177551269531,0.012876633554697037
190,299.73272705078125,362.9403076171875,0.008328300900757313,491.2704772949219,345.9748229980469,0.013576568104326725,280.9061279296875,357.3279724121094,0.008748522028326988,297.036865234375,363.2123718261719,0.9968155026435852,295.1540832519531,374.7680969238281,0.014344161376357079
191,299.52447509765625,362.5696105957031,0.008799322880804539,286.5002136230469,366.10919189453125,0.010380278341472149,281.155029296875,356.9505920410156,0.014277979731559753,298.9063720703125,361.66015625,0.9966687560081482,294.8392333984375,374.34381103515625,0.017314571887254715
192,299.384521484375,362.4566650390625,0.010029854252934456,286.8993225097656,366.1662902832031,0.01047268882393837,281.49658203125,356.9404296875,0.016722900792956352,299.3410949707031,361.1927185058594,0.9956670999526978,295.1874084472656,373.9189758300781,0.01890263892710209
193,299.643310546875,362.37396240234375,0.01160117331892252,296.43426513671875,364.7914123535156,0.012070382945239544,281.8444519042969,356.947265625,0.014110648073256016,299.9891662597656,361.4777526855469,0.9942283630371094,295.54217529296875,373.2927551269531,0.021613650023937225
194,299.7765197753906,362.21478271484375,0.010820490308105946,296.8852233886719,365.1709289550781,0.011976317502558231,282.1142578125,357.1153259277344,0.01217678189277649,300.5066223144531,361.7553405761719,0.9943558573722839,295.4134216308594,373.26104736328125,0.021034887060523033
195,299.8322448730469,361.9703063964844,0.010913403704762459,297.2743835449219,365.18408203125,0.014208485372364521,282.2924499511719,357.06878662109375,0.011104919947683811,300.9603271484375,361.7245788574219,0.9924986958503723,295.6417236328125,372.7797546386719,0.022372577339410782
196,300.0729064941406,362.0129089355469,0.00989410188049078,297.3422546386719,365.1556091308594,0.013964931480586529,282.642578125,356.8905944824219,0.01244452502578497,301.2167053222656,361.9717102050781,0.9926844239234924,295.43695068359375,372.59820556640625,0.02213113009929657
197,312.5492248535156,362.7479553222656,0.014101390726864338,297.8167724609375,365.095458984375,0.01430478785187006,282.7823181152344,356.3740539550781,0.015480199828743935,301.78643798828125,361.78192138671875,0.9935417175292969,295.654296875,372.8845520019531,0.026668444275856018
198,312.9053955078125,362.5281066894531,0.016611427068710327,492.9844970703125,356.0113220214844,0.04339241236448288,296.09564208984375,356.32879638671875,0.00957423634827137,303.98529052734375,361.8921813964844,0.9948933124542236,296.03155517578125,372.8949890136719,0.029095416888594627
199,313.25994873046875,362.5950927734375,0.019105548039078712,493.61920166015625,356.65087890625,0.11373991519212723,296.23712158203125,356.5870666503906,0.009307540953159332,304.93450927734375,361.4798583984375,0.9962835907936096,296.2720031738281,372.0791320800781,0.026650670915842056
200,313.3567199707031,362.6895751953125,0.02078380435705185,494.1934814453125,357.1044006347656,0.07940692454576492,296.5415954589844,356.83056640625,0.010605650953948498,305.2894592285156,361.778076171875,0.9961918592453003,296.3263244628906,371.4971923828125,0.029722755774855614
201,313.58673095703125,362.82659912109375,0.024886365979909897,494.52392578125,356.8852844238281,0.11959047615528107,296.5895080566406,356.5187072753906,0.011440050788223743,305.2851867675781,362.1433410644531,0.9970146417617798,295.8962707519531,371.9307861328125,0.03361578285694122
202,313.5246887207031,363.0275573730469,0.025093484669923782,494.8126220703125,356.75799560546875,0.16689610481262207,296.4593505859375,356.4067687988281,0.011239944025874138,305.3746643066406,362.128662109375,0.9971677660942078,295.89794921875,372.00372314453125,0.033851198852062225
203,313.3820495605469,363.09832763671875,0.022103633731603622,494.69390869140625,356.6681213378906,0.21383781731128693,296.2081298828125,356.1435241699219,0.01067480631172657,304.98101806640625,362.14434814453125,0.9974865913391113,295.5021667480469,372.3624572753906,0.03310985863208771
204,313.2247619628906,363.0027160644531,0.02106122486293316,494.73834228515625,356.46343994140625,0.18259131908416748,295.8022155761719,356.44146728515625,0.010403482243418694,304.8914489746094,361.75872802734375,0.9973600506782532,295.7832946777344,372.5377502441406,0.03117208741605282
205,312.5751953125,362.73333740234375,0.016207396984100342,494.80609130859375,356.1278381347656,0.15892739593982697,283.8038024902344,355.1311950683594,0.013785636983811855,303.821044921875,361.4994812011719,0.9965965151786804,295.2529602050781,372.93603515625,0.030886393040418625
206,312.0657958984375,362.3543701171875,0.016429834067821503,495.2049560546875,355.2882995605469,0.1006026491522789,283.5223083496094,355.2563171386719,0.015078688971698284,302.89453125,359.9674377441406,0.997292697429657,295.1969909667969,373.12493896484375,0.029793692752718925
207,311.98065185546875,362.21917724609375,0.01552395336329937,494.9619445800781,354.6468811035156,0.04283666983246803,283.4555969238281,355.1983642578125,0.01623028889298439,302.7239990234375,359.71099853515625,0.9977419376373291,295.1622619628906,373.0382385253906,0.030735354870557785
208,311.9451599121094,362.13134765625,0.01556805893778801,496.4090576171875,350.7410888671875,0.011677662841975689,283.5841064453125,354.97833251953125,0.014756686054170132,302.8144836425781,359.5878601074219,0.9979245662689209,295.2107849121094,373.00018310546875,0.030440252274274826
209,311.9296569824219,361.9137878417969,0.012092082761228085,496.84857177734375,350.0291442871094,0.01726037636399269,283.71185302734375,354.78887939453125,0.012836015783250332,302.78411865234375,359.0761413574219,0.9986510872840881,295.1434020996094,373.0041198730469,0.027491074055433273
210,311.98773193359375,361.8075866699219,0.012704422697424889,496.9614562988281,350.1247253417969,0.013846495188772678,284.0091247558594,354.54052734375,0.010922832414507866,302.9657897949219,358.7501220703125,0.9987174272537231,295.25836181640625,372.7181396484375,0.027774646878242493
211,311.96881103515625,361.66131591796875,0.012299117632210255,497.3375549316406,350.13873291015625,0.017026817426085472,299.1083984375,343.4942932128906,0.010486498475074768,303.4721374511719,358.1308898925781,0.998842179775238,295.24859619140625,372.02923583984375,0.029669100418686867
212,312.3553161621094,361.6283264160156,0.01404611673206091,497.6907653808594,349.9038391113281,0.02380465529859066,299.5814514160156,343.8238525390625,0.009257161989808083,304.58807373046875,358.23193359375,0.99907386302948,295.57171630859375,372.1958923339844,0.030187882483005524
213,312.62982177734375,362.0860595703125,0.01435274537652731,497.8538818359375,348.9570617675781,0.031047480180859566,299.4420471191406,343.7220764160156,0.011651753447949886,305.346923828125,357.7706604003906,0.9995043277740479,296.0032653808594,371.911865234375,0.024770010262727737
214,312.6094665527344,361.8810729980469,0.013122901320457458,498.29241943359375,348.7344055175781,0.04136430472135544,299.0766296386719,343.98565673828125,0.013011399656534195,305.6282958984375,357.2237243652344,0.9996592998504639,296.061279296875,371.6263122558594,0.022609997540712357
215,312.59796142578125,361.865234375,0.0118826013058424,499.1917419433594,349.2044677734375,0.05246622487902641,299.0736389160156,343.8466796875,0.013561708852648735,305.66644287109375,356.9698486328125,0.9997081160545349,296.1010437011719,371.560302734375,0.022292764857411385
216,312.5208740234375,361.8095703125,0.011555790901184082,499.5911560058594,349.7720642089844,0.04506199434399605,299.1792907714844,343.61297607421875,0.014358083717525005,305.90863037109375,356.77777099609375,0.9997549653053284,296.2272033691406,371.28765869140625,0.022187020629644394
217,312.7494812011719,361.9993591308594,0.010766599327325821,500.131591796875,349.8053283691406,0.0719175636768341,298.7933349609375,343.3948974609375,0.015899168327450752,306.4228210449219,356.4048767089844,0.9998064637184143,296.5172119140625,370.86663818359375,0.017550930380821228
218,312.80499267578125,362.0986633300781,0.010514778085052967,500.6374206542969,349.85357666015625,0.08425207436084747,298.7867126464844,343.4933166503906,0.017965510487556458,306.6548156738281,356.2696228027344,0.9997881054878235,301.26422119140625,370.236083984375,0.018367523327469826
219,312.8437805175781,362.1826171875,0.010046732611954212,500.6312255859375,349.98480224609375,0.10328467935323715,298.40380859375,343.59124755859375,0.021210018545389175,306.72052001953125,356.0237731933594,0.9997685551643372,296.4322509765625,357.2366638183594,0.018113790079951286
220,312.7467346191406,362.1058349609375,0.009731549769639969,500.59197998046875,349.96063232421875,0.10412488132715225,298.11505126953125,343.76763916015625,0.02113223820924759,306.77081298828125,355.7818298339844,0.99978107213974,296.46240234375,357.3695983886719,0.01786925457417965
221,312.7879638671875,362.13922119140625,0.010163155384361744,500.7325439453125,349.9424743652344,0.11414490640163422,297.7935485839844,343.8995056152344,0.022076250985264778,306.8219909667969,355.7792663574219,0.9997627139091492,296.5467529296875,357.3024597167969,0.018578875809907913
222,312.8362731933594,362.3541564941406,0.009346520528197289,500.6136779785156,349.85498046875,0.12815874814987183,297.9248962402344,344.02520751953125,0.01983107440173626,307.0588073730469,355.98443603515625,0.9997598528862,296.6672668457031,357.2935485839844,0.016114838421344757
223,312.8377380371094,362.332275390625,0.00920010730624199,500.4113464355469,349.8159484863281,0.12429432570934296,297.82452392578125,344.2700500488281,0.020292267203330994,307.3874206542969,355.87603759765625,0.9997645020484924,296.8096008300781,357.2696838378906,0.015783466398715973
224,312.81817626953125,362.4131774902344,0.008924604393541813,500.5730285644531,349.72509765625,0.15266631543636322,297.96807861328125,344.0574645996094,0.019862301647663116,307.61395263671875,355.70025634765625,0.9997491240501404,308.3601989746094,368.2789611816406,0.01623043417930603
225,312.7771911621094,362.38525390625,0.009535829536616802,499.85113525390625,349.2673034667969,0.17138110101222992,297.96673583984375,343.9731750488281,0.020688986405730247,307.4618835449219,355.8462219238281,0.9997507929801941,308.40802001953125,368.3255615234375,0.017193332314491272
226,312.69097900390625,362.135009765625,0.011121583171188831,499.281005859375,349.45013427734375,0.21065890789031982,297.72869873046875,343.79290771484375,0.01943364180624485,306.8172607421875,355.3912353515625,0.999761164188385,296.54888916015625,357.14154052734375,0.0183193851262331
227,312.68157958984375,362.089111328125,0.012932215817272663,499.11328125,349.2365417480469,0.19230838119983673,297.7491760253906,343.857421875,0.01901022344827652,306.7366638183594,355.4228210449219,0.9997288584709167,296.5375061035156,357.0790100097656,0.018545879051089287
228,312.71685791015625,362.092529296875,0.012968311086297035,498.9992980957031,348.9308776855469,0.1195744127035141,297.68865966796875,343.7957763671875,0.01843697763979435,306.4531555175781,355.1741027832031,0.9996992349624634,296.2488708496094,356.9720153808594,0.019598517566919327
229,312.6894836425781,362.0758972167969,0.012388055212795734,498.2744445800781,348.9815979003906,0.08193086832761765,297.9443664550781,343.7410583496094,0.017159974202513695,306.53045654296875,355.5843505859375,0.9997294545173645,296.3059997558594,357.0630798339844,0.01720009371638298
230,312.74139404296875,361.9457092285156,0.013016941957175732,497.7342834472656,348.94451904296875,0.05870445817708969,298.5237731933594,343.67510986328125,0.015716111287474632,306.5940856933594,356.0541687011719,0.9997215867042542,301.7918701171875,369.69354248046875,0.01971598155796528
231,312.7611389160156,362.0250244140625,0.013849625363945961,497.059814453125,348.47222900390625,0.03532567247748375,299.18304443359375,343.45599365234375,0.016043849289417267,306.6123046875,356.595703125,0.9997127652168274,301.7119445800781,370.16656494140625,0.0203104205429554
232,312.6802062988281,362.0140075683594,0.014468269422650337,496.4627990722656,348.4239196777344,0.03795040771365166,299.5262145996094,343.7094421386719,0.01619432307779789,306.4569091796875,357.1148986816406,0.9997221827507019,296.8058776855469,371.3675231933594,0.022460350766777992
233,312.46502685546875,361.77581787109375,0.016975583508610725,496.36712646484375,348.644287109375,0.03005928359925747,299.62335205078125,343.7893371582031,0.013599186204373837,306.3277587890625,357.1412048339844,0.9996883869171143,296.6746520996094,371.3561096191406,0.026411106809973717
234,312.2834777832031,361.4788513183594,0.018665730953216553,496.30706787109375,348.6425476074219,0.027018915861845016,299.5432434082031,343.68377685546875,0.013283121399581432,306.19915771484375,357.27349853515625,0.9996906518936157,296.2876892089844,371.4437255859375,0.027734003961086273
235,312.1870422363281,361.4854431152344,0.01756296493113041,496.1394958496094,348.6092834472656,0.021640261635184288,299.5826416015625,343.5930480957031,0.01304848026484251,305.8206481933594,357.39007568359375,0.9996535778045654,295.9167785644531,371.6584167480469,0.02920589968562126
236,312.23858642578125,361.5114440917969,0.01688545010983944,495.3147277832031,348.3743591308594,0.0166022926568985,299.38311767578125,343.6914978027344,0.012910230085253716,305.7138671875,357.3985900878906,0.9996562004089355,295.8945007324219,371.7678527832031,0.027886398136615753
237,312.20330810546875,361.49041748046875,0.016764618456363678,301.40692138671875,352.9039611816406,0.015433339402079582,299.5129699707031,343.6431579589844,0.01383421290665865,305.6117248535156,357.4896545410156,0.9995959401130676,295.7286682128906,371.8670349121094,0.029588721692562103
238,312.2549133300781,361.4627685546875,0.016150137409567833,301.4559631347656,352.93939208984375,0.015305887907743454,299.4847717285156,343.71978759765625,0.01334463432431221,305.59356689453125,357.6275329589844,0.9995614886283875,295.7463684082031,371.8548889160156,0.028362438082695007
239,312.3979187011719,361.6043395996094,0.014820108190178871,301.4591369628906,353.1954650878906,0.013934650458395481,299.643310546875,343.58465576171875,0.011286615394055843,305.3735656738281,357.8738098144531,0.9995063543319702,295.5848693847656,371.98907470703125,0.028096798807382584
240,312.5296325683594,361.7291259765625,0.014256400987505913,301.5562438964844,353.25030517578125,0.014010455459356308,299.62530517578125,343.6026611328125,0.011166278272867203,305.18487548828125,357.94256591796875,0.9993975162506104,295.49627685546875,371.9836730957031,0.027281422168016434
241,312.679443359375,361.7865905761719,0.013735019601881504,301.6659851074219,353.4367980957031,0.013364141806960106,299.65155029296875,343.7072448730469,0.010560588911175728,305.00225830078125,358.30902099609375,0.9992192983627319,295.4091796875,372.17584228515625,0.027314389124512672
242,309.50811767578125,356.0555114746094,0.012937231920659542,496.35528564453125,347.88519287109375,0.015733661130070686,299.6868591308594,343.66009521484375,0.010459452867507935,304.7273864746094,358.7054748535156,0.9990309476852417,295.2628479003906,372.47137451171875,0.026819417253136635
243,309.5379333496094,356.111572265625,0.013645227067172527,496.6141357421875,347.9508361816406,0.017904754728078842,300.0726013183594,343.7247619628906,0.010435966774821281,305.09088134765625,359.1642150878906,0.9989789724349976,295.5354919433594,372.70001220703125,0.028374167159199715
244,309.47442626953125,356.007568359375,0.01293225772678852,496.73779296875,347.8567199707031,0.022539332509040833,300.0307922363281,343.7478942871094,0.011093017645180225,305.1129150390625,359.2156982421875,0.9990220069885254,295.5476989746094,372.8067321777344,0.030313514173030853
245,309.6633605957031,355.7412414550781,0.010690297931432724,496.7464599609375,347.7849426269531,0.018444200977683067,299.6679992675781,343.8992919921875,0.011113928630948067,305.1858825683594,358.9366149902344,0.999254047870636,295.44036865234375,372.6423034667969,0.0308381337672472
246,309.71978759765625,355.693115234375,0.010147501714527607,496.832763671875,347.7856750488281,0.018233908340334892,299.47998046875,343.7660827636719,0.01050757709890604,305.01287841796875,358.5953369140625,0.9993615746498108,295.464111328125,372.640380859375,0.02902398817241192
247,309.87310791015625,355.2486267089844,0.008198341354727745,496.8679504394531,347.6724853515625,0.01981041207909584,299.03131103515625,343.78509521484375,0.011906912550330162,304.8492126464844,357.8829040527344,0.9995884299278259,295.21942138671875,372.1856994628906,0.03186333552002907
248,309.984375,355.1484680175781,0.008275597356259823,496.9789733886719,347.5953063964844,0.019851744174957275,298.94537353515625,343.7171936035156,0.011134245432913303,304.82342529296875,357.42877197265625,0.9996225833892822,295.306396484375,371.89862060546875,0.030202098190784454
249,312.13800048828125,361.5556945800781,0.00850302167236805,494.5694885253906,347.4565734863281,0.02473684586584568,298.97772216796875,343.6428527832031,0.01066466886550188,304.86407470703125,357.4200744628906,0.9996236562728882,295.3280944824219,371.9163513183594,0.02920006588101387
250,312.0624084472656,361.84954833984375,0.00894591212272644,496.7433776855469,346.67169189453125,0.05549067631363869,298.6990661621094,343.5418701171875,0.012413247488439083,304.8221130371094,356.76385498046875,0.9996827840805054,295.78955078125,371.4029541015625,0.026874050498008728
251,312.1073303222656,361.9308166503906,0.0094824293628335,496.42742919921875,346.2872314453125,0.04242478311061859,298.75518798828125,343.4678649902344,0.012555645778775215,304.97393798828125,356.6531677246094,0.9996898174285889,295.94683837890625,371.3695068359375,0.02651718445122242
252,312.14166259765625,362.0072937011719,0.009407522156834602,496.2713928222656,346.1705017089844,0.042904339730739594,298.7473449707031,343.48931884765625,0.013577002100646496,305.0581359863281,356.5835876464844,0.9996891021728516,296.00091552734375,371.2317199707031,0.027135903015732765
253,312.12750244140625,361.9075622558594,0.010084492154419422,496.0291748046875,346.4294128417969,0.03994360193610191,298.514892578125,343.38214111328125,0.014319710433483124,305.0672912597656,356.1651306152344,0.9997047781944275,296.0367736816406,371.0159912109375,0.023613164201378822
254,312.1678771972656,361.8789978027344,0.009979136288166046,496.0346984863281,346.75421142578125,0.03960278630256653,295.03924560546875,344.130615234375,0.015098423697054386,305.1761779785156,356.22442626953125,0.9997138381004333,296.02374267578125,371.0306701660156,0.023623887449502945
255,312.18023681640625,361.87322998046875,0.009430047124624252,496.0498352050781,347.2469787597656,0.029707543551921844,298.60205078125,343.4453125,0.014944151975214481,305.225830078125,356.4915771484375,0.9997016787528992,295.882568359375,370.93389892578125,0.02674061246216297
256,312.2857666015625,361.67901611328125,0.010381448082625866,496.2603759765625,347.6457214355469,0.020137419924139977,298.87322998046875,343.3747863769531,0.014660768210887909,305.157958984375,356.8560485839844,0.9996728897094727,295.7648620605469,371.37841796875,0.028545480221509933
257,312.306396484375,361.7383728027344,0.012319670058786869,496.5937194824219,348.0376281738281,0.016395295038819313,299.27581787109375,343.2392272949219,0.013594485819339752,305.03857421875,357.20819091796875,0.9996101260185242,295.6156311035156,371.6611328125,0.02788509987294674
258,312.7025146484375,361.9795227050781,0.013472838327288628,496.9046936035156,348.5092468261719,0.015990234911441803,299.49383544921875,343.64141845703125,0.013495951890945435,305.0986328125,358.2716979980469,0.9994489550590515,295.61541748046875,372.22845458984375,0.030754806473851204
259,310.1592712402344,355.77716064453125,0.013835799880325794,496.58941650390625,348.5989685058594,0.016359953209757805,299.7208251953125,343.7294006347656,0.012791723944246769,305.0218811035156,358.6458435058594,0.9992602467536926,295.5280456542969,372.3802490234375,0.032545071095228195
260,310.1437072753906,356.0435485839844,0.01376062911003828,496.2401123046875,348.7685546875,0.016824867576360703,299.8672790527344,344.0617370605469,0.011857454665005207,305.40704345703125,359.56280517578125,0.9992351531982422,295.4960632324219,372.65997314453125,0.03437056764960289
261,310.0154113769531,356.3357238769531,0.013423959724605083,496.3825378417969,348.5903625488281,0.012944125570356846,300.0357360839844,343.95550537109375,0.01078749354928732,305.36041259765625,360.1370544433594,0.9990915060043335,295.36016845703125,372.9586181640625,0.032574765384197235
262,313.7196960449219,362.5180969238281,0.014209488406777382,496.2492370605469,348.5381774902344,0.010673838667571545,292.1416931152344,355.369384765625,0.009555197320878506,305.29534912109375,360.5228576660156,0.9988222718238831,295.3590393066406,373.0341796875,0.033967550843954086
263,309.97894287109375,356.57489013671875,0.013387960381805897,496.47991943359375,348.5462341308594,0.011804895475506783,292.0246276855469,355.20867919921875,0.009749206714332104,305.18402099609375,360.5758361816406,0.9987579584121704,295.3030090332031,373.114501953125,0.03330080956220627
264,309.9903869628906,356.7095947265625,0.013840308412909508,496.650146484375,348.45587158203125,0.013780801557004452,291.9535217285156,354.93603515625,0.00946993287652731,304.69378662109375,361.0525817871094,0.9986598491668701,295.2586975097656,373.3113098144531,0.03376008942723274
265,309.8498229980469,356.7367248535156,0.012486700899899006,496.3177490234375,347.92877197265625,0.027956530451774597,291.6637268066406,355.02435302734375,0.009939947165548801,304.3079528808594,360.97076416015625,0.998480498790741,295.1244812011719,373.3525695800781,0.03104531206190586
266,309.5843811035156,356.661865234375,0.011256199330091476,495.9593505859375,347.2135009765625,0.03491518273949623,291.60699462890625,355.0361633300781,0.008963167667388916,304.1415100097656,360.3815612792969,0.9981263279914856,295.0325012207031,373.3216247558594,0.030223289504647255
267,309.5113525390625,356.35888671875,0.010492689907550812,495.53582763671875,346.9928283691406,0.044986844062805176,291.601806640625,354.8952941894531,0.00826700683683157,304.0968933105469,360.02667236328125,0.9983993172645569,295.0588073730469,373.19744873046875,0.029630489647388458
268,309.49468994140625,356.0704650878906,0.009664067067205906,495.3022766113281,346.8301086425781,0.05566283315420151,291.4014587402344,354.8441162109375,0.008648514747619629,303.6405334472656,359.53814697265625,0.9986348748207092,295.07196044921875,373.0715637207031,0.029593227431178093
269,303.178955078125,351.3209228515625,0.008769246749579906,495.1856994628906,346.96856689453125,0.06685241311788559,291.2713623046875,354.7678527832031,0.00869089737534523,303.4725036621094,359.2557067871094,0.9988759160041809,295.04071044921875,372.9595642089844,0.029297763481736183
270,303.1434631347656,351.3094482421875,0.008566336706280708,495.2818603515625,346.8977966308594,0.0603652149438858,284.8534240722656,354.5332946777344,0.008709699846804142,303.4402160644531,359.173828125,0.9989365935325623,295.01214599609375,372.90399169921875,0.029295887798070908
271,303.16143798828125,351.19940185546875,0.008376234211027622,495.410400390625,346.9151916503906,0.0762733444571495,291.26275634765625,354.6688537597656,0.008397442288696766,303.4283447265625,358.9577941894531,0.9990214109420776,295.04315185546875,372.79925537109375,0.030186962336301804
272,303.1600036621094,351.0162658691406,0.008416618220508099,495.2932434082031,346.8924865722656,0.06408048421144485,294.9512023925781,344.6541748046875,0.00887260865420103,303.581787109375,358.6641540527344,0.9989606142044067,295.1562805175781,372.3804931640625,0.03181181848049164
273,303.19854736328125,350.9219055175781,0.0087656294927001,495.0300598144531,346.9775085449219,0.06111122667789459,299.03814697265625,343.5921936035156,0.009605132974684238,303.8514709472656,358.7369079589844,0.9989527463912964,295.2317810058594,372.3466796875,0.03220323845744133
274,303.2021484375,350.80316162109375,0.00868144165724516,494.896240234375,347.0425109863281,0.06286773830652237,299.0497131347656,343.5277099609375,0.010075770318508148,303.8238220214844,358.5478820800781,0.9990240335464478,295.33892822265625,372.29022216796875,0.03221510723233223
275,303.05517578125,350.7221374511719,0.008569327183067799,494.9407043457031,347.39959716796875,0.07735054939985275,298.91448974609375,343.5765075683594,0.010624676011502743,303.8208312988281,358.2471008300781,0.999110758304596,295.0725402832031,371.86773681640625,0.03191632404923439
276,302.9392395019531,350.60198974609375,0.00844897422939539,495.0087890625,347.7052307128906,0.0703868716955185,294.7486877441406,344.5523376464844,0.012469514273107052,303.7899169921875,357.7784423828125,0.9991945624351501,295.009033203125,371.55389404296875,0.031063057482242584
277,302.95489501953125,350.5578918457031,0.008477487601339817,494.945556640625,347.73284912109375,0.05966221168637276,294.7454528808594,344.4940490722656,0.012675771489739418,303.80816650390625,357.7349548339844,0.999219536781311,295.015380859375,371.573486328125,0.031813398003578186
278,302.9378356933594,350.58099365234375,0.008414632640779018,494.5433349609375,347.7324523925781,0.05042150989174843,294.789794921875,344.551025390625,0.011818131431937218,303.7711181640625,357.7499694824219,0.9992183446884155,295.03045654296875,371.6064147949219,0.03186430037021637
279,303.02545166015625,350.6791687011719,0.008750607259571552,494.66534423828125,347.8939208984375,0.054814811795949936,294.8642883300781,344.455810546875,0.011499223299324512,303.74822998046875,357.8929138183594,0.9992233514785767,294.9033203125,371.75286865234375,0.03204057365655899
280,303.0400695800781,350.9131774902344,0.0097950529307127,494.7740173339844,348.1432800292969,0.042107757180929184,299.1715393066406,343.74713134765625,0.01162627898156643,304.1204528808594,358.76470947265625,0.9989533424377441,295.3267822265625,372.3584289550781,0.03146328032016754
281,309.526611328125,356.3469543457031,0.009936629794538021,494.66375732421875,348.0558776855469,0.043920423835515976,291.3595886230469,354.804443359375,0.009234976023435593,303.6296081542969,359.2742919921875,0.9986284971237183,295.1802978515625,372.8075256347656,0.030072569847106934
282,309.6816101074219,356.5292663574219,0.010706266388297081,494.751220703125,348.1099853515625,0.042739205062389374,291.41168212890625,354.83221435546875,0.009762131609022617,304.1336669921875,359.8215637207031,0.9984506368637085,295.245849609375,372.93170166015625,0.031781475991010666
283,309.5843505859375,356.6973876953125,0.011992289684712887,494.4909973144531,348.4021911621094,0.04491062089800835,291.40875244140625,354.9223937988281,0.009880942292511463,303.6159973144531,359.56903076171875,0.9983429908752441,295.26416015625,372.8880310058594,0.03168896585702896
284,309.6681213378906,356.74383544921875,0.012224065139889717,494.5227355957031,348.43878173828125,0.030191725119948387,291.46160888671875,354.8502197265625,0.009606389328837395,303.73236083984375,359.604248046875,0.9982448816299438,295.2856750488281,372.8634338378906,0.03299751132726669
285,313.0906066894531,362.43426513671875,0.013017464429140091,494.67144775390625,348.33551025390625,0.030956348404288292,291.5251770019531,354.868896484375,0.009707389399409294,303.76800537109375,359.70587158203125,0.9981252551078796,295.2377624511719,372.869140625,0.033098604530096054
286,312.9428405761719,362.5941162109375,0.012914045713841915,493.98187255859375,348.4217834472656,0.03168870508670807,291.5826721191406,354.88970947265625,0.0095110684633255,303.6372985839844,360.171630859375,0.9977019429206848,295.0299987792969,372.93035888671875,0.03393416106700897
287,312.7160339355469,362.6874084472656,0.011673650704324245,493.7624816894531,347.9417724609375,0.04386032372713089,291.567626953125,354.8666076660156,0.009358670562505722,303.4985046386719,360.2713317871094,0.9977395534515381,294.868408203125,372.93011474609375,0.034234464168548584
288,312.51556396484375,362.79345703125,0.010931155644357204,493.2158508300781,347.7986755371094,0.05485278367996216,291.4107360839844,354.8575439453125,0.00951156672090292,303.3030090332031,360.2335510253906,0.9978882670402527,294.792236328125,372.89178466796875,0.033388908952474594
289,312.35345458984375,362.7559814453125,0.01015588641166687,493.01153564453125,347.6943054199219,0.05722132697701454,291.232421875,354.9911804199219,0.00863190833479166,302.97991943359375,360.1165466308594,0.9981801509857178,294.7477722167969,373.04071044921875,0.029696425423026085
290,312.0029296875,362.698974609375,0.0077514867298305035,492.6296081542969,347.7276306152344,0.0621587298810482,284.34320068359375,355.1168518066406,0.011825401335954666,302.0690002441406,359.9138488769531,0.9986515641212463,294.7252502441406,373.1522521972656,0.024668743833899498
291,302.6475524902344,351.4559326171875,0.006851819809526205,492.62725830078125,347.78369140625,0.07068710029125214,283.875,355.36199951171875,0.012725661508738995,301.1707763671875,359.5326843261719,0.9991288781166077,294.4490966796875,373.2080078125,0.02370346523821354
292,299.6080017089844,362.0494079589844,0.006047823000699282,492.44903564453125,347.59185791015625,0.05882317200303078,283.6436462402344,355.3435363769531,0.01284344308078289,300.74462890625,358.9336853027344,0.9993802309036255,294.2246398925781,372.79888916015625,0.0245126411318779
293,299.56109619140625,361.9522705078125,0.006318925879895687,492.3770446777344,347.3456115722656,0.06436966359615326,283.7770690917969,355.1915283203125,0.012559204362332821,300.9082946777344,358.7314147949219,0.9993933439254761,294.27740478515625,372.5248718261719,0.025179356336593628
294,299.53094482421875,361.8331298828125,0.006667234469205141,492.4953918457031,347.3248596191406,0.057838231325149536,283.971923828125,354.9156188964844,0.012142102234065533,301.1441650390625,358.51861572265625,0.9994235038757324,294.2808532714844,372.2227478027344,0.02643636055290699
295,299.61114501953125,361.6486511230469,0.006940928753465414,492.4893493652344,347.16644287109375,0.0672934427857399,293.6484069824219,344.8454284667969,0.010349346324801445,301.69366455078125,358.42864990234375,0.999394416809082,294.3707275390625,372.0088806152344,0.028646672144532204
296,299.6456604003906,361.4476013183594,0.006803867407143116,492.4638977050781,347.0099792480469,0.10290110856294632,293.80474853515625,344.7374572753906,0.011360370554029942,302.1920166015625,358.2550354003906,0.9994173049926758,294.3769226074219,371.8147888183594,0.029374556615948677
297,303.05352783203125,350.89691162109375,0.0069517106749117374,492.4185791015625,347.1056823730469,0.09608593583106995,294.15509033203125,344.597900390625,0.011487559415400028,302.6455993652344,358.0930480957031,0.9993818998336792,294.4125061035156,371.6683044433594,0.03003648854792118
298,302.9292907714844,350.80792236328125,0.007177517283707857,492.31793212890625,347.07489013671875,0.09633762389421463,294.1231384277344,344.6964111328125,0.011767663061618805,302.68701171875,357.9118957519531,0.9994310736656189,294.2632751464844,371.4629211425781,0.030581599101424217
299,302.919677734375,350.8092956542969,0.007136569358408451,492.3797912597656,346.9665832519531,0.09206937998533249,294.12933349609375,344.68365478515625,0.011323070153594017,302.66912841796875,357.9002990722656,0.9994398951530457,294.22003173828125,371.4521179199219,0.030258622020483017
